{"cameraMode":{"drawMode":0,"name":"Shaded","section":"Shading Mode"},"sceneLighting":true,"audioPlay":false,"sceneViewState":{"showFog":true,"showMaterialUpdate":false,"showSkybox":true,"showFlares":true,"showImageEffects":true,"showParticleSystems":true},"in2DMode":false,"pivot":{"x":2.170985221862793,"y":1.4371819496154786,"z":2.30814266204834},"rotation":{"x":-0.09580586850643158,"y":0.9020570516586304,"z":-0.263115257024765,"w":-0.3284580409526825},"size":0.37433916330337527,"orthographic":false}